<?xml version="1.0" encoding="UTF-8" standalone="yes"?>
<manifest>
  <control namespace="SampleNamespace" constructor="IFrameControl" version="1.1.0" display-name-key="IFrameControl_Display_Key" description-key="IFrameControl_Desc_Key" control-type="standard" api-version="1.3.14">
    <property name="stringProperty" display-name-key="stringProperty_Display_Key" description-key="stringProperty_Desc_Key" of-type="SingleLine.Text" usage="bound" required="true"/>
    <property name="latitudeValue" display-name-key="Bing_Maps_Latitude_Value" description-key="latitude" of-type="FP" usage="bound" required="true"/>
    <property name="longitudeValue" display-name-key="Bing_Maps_Longitude_Value" description-key="longitude" of-type="FP" usage="bound" required="true"/>
    <resources>
      <code path="bundle.js" order="1"/>
      <css path="css/IFrameControl.css" order="2"/>
      <resx path="strings/IFrameControl.1033.resx" version="1.0.0"/>
    </resources>
    <built-by name="pac" version="1.32.5"/>
  </control>
</manifest>